{
  "video_id": "26",
  "keypoint_scores": [
    {
      "frame": 129,
      "score": 0.1737399635650943
    },
    {
      "frame": 130,
      "score": 0.14949441543840492
    }
  ],
  "avg_keypoints_score": 0.1616171895017496,
  "keypoints_errors": {}
}