{
  "video_id": "26",
  "keypoint_scores": [
    {
      "frame": 395,
      "score": 0.8464619492649341
    }
  ],
  "avg_keypoints_score": 0.8464619492649341,
  "keypoints_errors": {}
}