{
  "video_id": "26",
  "keypoint_scores": [
    {
      "frame": 11,
      "score": 0.6214725500252556
    }
  ],
  "avg_keypoints_score": 0.6214725500252556,
  "keypoints_errors": {}
}