{
  "video_id": "27",
  "keypoint_scores": [
    {
      "frame": 9,
      "score": 0.9044339216522561
    }
  ],
  "avg_keypoints_score": 0.9044339216522561,
  "keypoints_errors": {}
}