{
  "video_id": "28",
  "keypoint_scores": [
    {
      "frame": 43,
      "score": 0.6242790772185901
    }
  ],
  "avg_keypoints_score": 0.6242790772185901,
  "keypoints_errors": {}
}