{
  "video_id": "28",
  "keypoint_scores": [
    {
      "frame": 2,
      "score": 0.775199813765209
    }
  ],
  "avg_keypoints_score": 0.775199813765209,
  "keypoints_errors": {}
}