{
  "video_id": "33",
  "keypoint_scores": [
    {
      "frame": 625,
      "score": 0.5890711341105261
    }
  ],
  "avg_keypoints_score": 0.5890711341105261,
  "keypoints_errors": {}
}