{
  "video_id": "33",
  "keypoint_scores": [
    {
      "frame": 140,
      "score": 0.8246239277274773
    }
  ],
  "avg_keypoints_score": 0.8246239277274773,
  "keypoints_errors": {}
}